,Unnamed: 0.2,Unnamed: 0.1,Unnamed: 0,Japanese,English
0,0,0,0,の,of
1,1,1,1,に,On
2,2,2,2,する,do
3,3,3,3,は,teeth
4,4,4,4,を,of
5,5,5,5,が,but
6,6,6,6,と,and
7,7,7,7,年,Year
8,8,8,8,で,and
9,9,9,9,だ,is
10,10,10,10,月,Month
11,11,11,11,も,and
12,12,12,12,から,from
13,13,13,13,日,Day
14,14,14,14,成る,Become
15,15,15,15,こと,matter
16,16,16,16,有る,Have
17,17,17,17,よる,evening
18,18,18,18,や,or
19,19,19,19,など,Such
20,20,20,20,言う,To tell
21,21,21,21,日本,Japan
22,22,22,22,為,In addition
23,23,23,23,この,this
24,24,24,24,人,Man
25,25,25,25,その,the
26,26,26,26,まで,to
27,27,27,27,もの,thing
28,28,28,28,へ,fart
29,29,29,29,又,or
30,30,30,30,これ,this
31,31,31,31,行う,conduct
32,32,32,32,よう,So
33,33,33,33,出来る,Be ready
34,34,34,34,駅,station
35,35,35,35,国,Country
36,36,36,36,より,Than
37,37,37,37,大学,University
38,38,38,38,現在,the current
39,39,39,39,後,rear
40,40,40,40,か,mosquito
41,41,41,41,線,line
42,42,42,42,ぬ,Lantern
43,43,43,43,放送,broadcast
44,44,44,44,号,issue
45,45,45,45,軍,army
46,46,46,46,無い,No
47,47,47,47,部,Department
48,48,48,48,持つ,Hold
49,49,49,49,所,Place
50,50,50,50,名,given name
51,51,51,51,回,times
52,52,52,52,世界,world
53,53,53,53,時,Time
54,54,54,54,戦,War
55,55,55,55,時代,Era
56,56,56,56,東京,Tokyo
57,57,57,57,おく,back
58,58,58,58,でも,but
59,59,59,59,呼ぶ,Call
60,60,60,60,その後,after that
61,61,61,61,会,Meeting
62,62,62,62,それ,that
63,63,63,63,機,Machine
64,64,64,64,会う,meet
65,65,65,65,受ける,receive
66,66,66,66,多い,many
67,67,67,67,選手,player
68,68,68,68,場合,case
69,69,69,69,対する,Make
70,70,70,70,しかし,but
71,71,71,71,つく,arrive
72,72,72,72,昭和,Showa
73,73,73,73,作品,the work
74,74,74,74,地,Land
75,75,75,75,中,During ~
76,76,76,76,使用,use
77,77,77,77,共に,both
78,78,78,78,学校,school
79,79,79,79,語,word
80,80,80,80,彼,he
81,81,81,81,行く,go
82,82,82,82,アメリカ,America
83,83,83,83,当時,at that time
84,84,84,84,番組,program
85,85,85,85,車,car
86,86,86,86,社,Shrine
87,87,87,87,川,river
88,88,88,88,映画,movie
89,89,89,89,位,Position
90,90,90,90,見る,look
91,91,91,91,テレビ,tv set
92,92,92,92,系,system
93,93,93,93,研究,the study
94,94,94,94,町,town
95,95,95,95,東,east
96,96,96,96,存在,Existence
97,97,97,97,活動,Activity
98,98,98,98,発売,Release
99,99,99,99,他,other
100,100,100,100,出身,where one is from
101,101,101,101,年代,Age
102,102,102,102,会社,company
103,103,103,103,権,Right
104,104,104,104,開発,development
105,105,105,105,分,Part
106,106,106,106,西,West
107,107,107,107,鉄道,Railway
108,108,108,108,法,Law
109,109,109,109,局,Bureau
110,110,110,110,更に,Further
111,111,111,111,のみ,only
112,112,112,112,間,while
113,113,113,113,山,Mountain
114,114,114,114,式,formula
115,115,115,115,島,island
116,116,116,116,なお,note that
117,117,117,117,可能,Possible
118,118,118,118,ドイツ,Germany
119,119,119,119,代表,representative
120,120,120,120,使う,use
121,121,121,121,同じ,same
122,122,122,122,曲,song
123,123,123,123,地域,region
124,124,124,124,作,Work
125,125,125,125,事,case
126,126,126,126,版,Plate
127,127,127,127,取る,take
128,128,128,128,登場,Appearance
129,129,129,129,チーム,team
130,130,130,130,世,world
131,131,131,131,時間,time
132,132,132,132,於ける,In
133,133,133,133,中心,center
134,134,134,134,大会,Conference
135,135,135,135,多く,Many
136,136,136,136,南,South
137,137,137,137,シリーズ,series
138,138,138,138,賞,award
139,139,139,139,北,North
140,140,140,140,開始,start
141,141,141,141,フランス,France
142,142,142,142,一部,part
143,143,143,143,始める,start
144,144,144,144,平成,Heisei
145,145,145,145,知る,know
146,146,146,146,子,Child
147,147,147,147,ゲーム,game
148,148,148,148,道,the way
149,149,149,149,角,corner
150,150,150,150,用いる,Use
151,151,151,151,および,and
152,152,152,152,館,Mansion
153,153,153,153,場,Place
154,154,154,154,体,body
155,155,155,155,世紀,century
156,156,156,156,音楽,music
157,157,157,157,参加,Participation
158,158,158,158,発表,announcement
159,159,159,159,記録,record
160,160,160,160,掛ける,Put on
161,161,161,161,高い,expensive
162,162,162,162,利用,use
163,163,163,163,際,edge
164,164,164,164,出場,Participation
165,165,165,165,国際,international
166,166,166,166,リーグ,league
167,167,167,167,所属,Affiliation
168,168,168,168,務める,serve
169,169,169,169,関係,relationship
170,170,170,170,考える,think
171,171,171,171,イギリス,England
172,172,172,172,生まれる,to be born
173,173,173,173,入る,come in
174,174,174,174,度,Every time
175,175,175,175,州,state
176,176,176,176,全て,all
177,177,177,177,明治,Meiji
178,178,178,178,生,Living
179,179,179,179,点,point
180,180,180,180,力,Power
181,181,181,181,良い,good
182,182,182,182,だけ,only
183,183,183,183,王,king
184,184,184,184,試合,game
185,185,185,185,得る,obtain
186,186,186,186,優勝,win
187,187,187,187,都市,City
188,188,188,188,含む,include
189,189,189,189,アルバム,album
190,190,190,190,込む,In
191,191,191,191,問題,problem
192,192,192,192,シーズン,Season
193,193,193,193,開催,hold
194,194,194,194,大阪,Osaka
195,195,195,195,位置,position
196,196,196,196,監督,directed by
197,197,197,197,上,Up
198,198,198,198,主,main
199,199,199,199,設置,Installation
200,200,200,200,郡,county
201,201,201,201,戦争,war
202,202,202,202,物,thing
203,203,203,203,艦,Ship
204,204,204,204,地方,Region
205,205,205,205,隊,Squad
206,206,206,206,期,Period
207,207,207,207,城,castle
208,208,208,208,にて,At
209,209,209,209,長,Long
210,210,210,210,計画,plan
211,211,211,211,番,Rank
212,212,212,212,必要,need
213,213,213,213,出す,put out
214,214,214,214,一般,Ordinary
215,215,215,215,変更,change
216,216,216,216,本,Book
217,217,217,217,中央,Center
218,218,218,218,関する,Be involved in
219,219,219,219,出る,Come out
220,220,220,220,出演,Appearance
221,221,221,221,作る,make
222,222,222,222,基,Base
223,223,223,223,事業,business
224,224,224,224,委員,Committee member
225,225,225,225,バス,bus
226,226,226,226,市,city
227,227,227,227,以下,the following
228,228,228,228,社会,society
229,229,229,229,教育,education
230,230,230,230,事件,Case
231,231,231,231,特に,especially
232,232,232,232,卒業,graduation
233,233,233,233,役,Role
234,234,234,234,当初,Beginning
235,235,235,235,結果,result
236,236,236,236,選挙,selection
237,237,237,237,機関,institution
238,238,238,238,大きい,big
239,239,239,239,高等,High
240,240,240,240,獲得,Acquisition
241,241,241,241,政府,government
242,242,242,242,戦う,fight
243,243,243,243,中国,China
244,244,244,244,最初,first time
245,245,245,245,設立,Establishment
246,246,246,246,置く,put
247,247,247,247,種,seed
248,248,248,248,金,Money
249,249,249,249,建設,construction
250,250,250,250,派,Faction
251,251,251,251,続く,Continue
252,252,252,252,影響,Impact
253,253,253,253,文化,culture
254,254,254,254,科,Department
255,255,255,255,外,Outside
256,256,256,256,デビュー,debut
257,257,257,257,台,Stand
258,258,258,258,情報,information
259,259,259,259,そして,and
260,260,260,260,航空,Aviation
261,261,261,261,村,village
262,262,262,262,政治,Politics
263,263,263,263,同様,Same
264,264,264,264,販売,sale
265,265,265,265,面,surface
266,266,266,266,異なる,different
267,267,267,267,担当,responsible person
268,268,268,268,最も,most
269,269,269,269,寺,temple
270,270,270,270,攻撃,attack
271,271,271,271,人口,population
272,272,272,272,ながら,While
273,273,273,273,及び,as well as
274,274,274,274,区,Ward
275,275,275,275,馬,Horse
276,276,276,276,プロ,Professional
277,277,277,277,経済,economic
278,278,278,278,付ける,wear
279,279,279,279,地区,district
280,280,280,280,与える,give
281,281,281,281,それぞれ,Each
282,282,282,282,年間,Year
283,283,283,283,水,water
284,284,284,284,構成,composition
285,285,285,285,路線,Route
286,286,286,286,射る,shoot
287,287,287,287,アメリカ合衆国,united states of america
288,288,288,288,米,Rice
289,289,289,289,採用,Recruitment
290,290,290,290,伴う,Accompany
291,291,291,291,主義,Principle
292,292,292,292,上げる,increase
293,293,293,293,グループ,group
294,294,294,294,女性,woman
295,295,295,295,手,hand
296,296,296,296,システム,system
297,297,297,297,歴史,history
298,298,298,298,意味,meaning
299,299,299,299,一方,on the other hand
300,300,300,300,元,Origin
301,301,301,301,県,prefecture
302,302,302,302,続ける,continue
303,303,303,303,技術,Technology
304,304,304,304,当たる,Hit
305,305,305,305,うち,home
306,306,306,306,海軍,Navy
307,307,307,307,公,public
308,308,308,308,発生,occurrence
309,309,309,309,製造,Manufacturing
310,310,310,310,自身,Themselves
311,311,311,311,車両,vehicle
312,312,312,312,光,light
313,313,313,313,話,Story
314,314,314,314,野球,baseball
315,315,315,315,調査,investigation
316,316,316,316,船,ship
317,317,317,317,シングル,single
318,318,318,318,勝,Victory
319,319,319,319,列車,train
320,320,320,320,正,Positive
321,321,321,321,父,father
322,322,322,322,活躍,action
323,323,323,323,省,Ministry
324,324,324,324,終了,end
325,325,325,325,文,Sentence
326,326,326,326,初,first time
327,327,327,327,全国,Nationwide
328,328,328,328,収録,Recording
329,329,329,329,人物,person
330,330,330,330,ロシア,Russia
331,331,331,331,渡る,Be overwhelmed
332,332,332,332,制作,Production
333,333,333,333,就任,Appointment
334,334,334,334,最後,last
335,335,335,335,書く,write
336,336,336,336,下,under
337,337,337,337,エンジン,engine
338,338,338,338,状態,situation
339,339,339,339,かつて,Once
340,340,340,340,形,shape
341,341,341,341,殆んど,Mostly
342,342,342,342,橋,bridge
343,343,343,343,決定,Decision
344,344,344,344,経る,Pass
345,345,345,345,組織,Organization
346,346,346,346,イタリア,Italy
347,347,347,347,朝,morning
348,348,348,348,帝国,Empire
349,349,349,349,生産,production
350,350,350,350,果たす,Fulfill
351,351,351,351,株式,stock
352,352,352,352,海,Ocean
353,353,353,353,神,God
354,354,354,354,年度,year
355,355,355,355,モデル,model
356,356,356,356,描く,draw
357,357,357,357,道路,road
358,358,358,358,制,Control
359,359,359,359,次,Next
360,360,360,360,但し,however
361,361,361,361,議員,Parliamentarians
362,362,362,362,京都,Kyoto
363,363,363,363,部分,part
364,364,364,364,漫画,comics
365,365,365,365,最大,maximum
366,366,366,366,名称,name
367,367,367,367,石,stone
368,368,368,368,員,Member
369,369,369,369,独立,Independence
370,370,370,370,書,book
371,371,371,371,施設,institution
372,372,372,372,場所,place
373,373,373,373,県道,Prefectural road
374,374,374,374,始まる,Start
375,375,375,375,示す,show
376,376,376,376,以降,from
377,377,377,377,様々,various
378,378,378,378,大きな,big
379,379,379,379,クラブ,club
380,380,380,380,機能,function
381,381,381,381,天,Heaven
382,382,382,382,サッカー,soccer
383,383,383,383,部隊,Troops
384,384,384,384,搭載,powered by
385,385,385,385,初めて,first time
386,386,386,386,兵,Soldier
387,387,387,387,高校,high school
388,388,388,388,公開,Release
389,389,389,389,党,party
390,390,390,390,編成,Formation
391,391,391,391,運動,motion
392,392,392,392,量,amount
393,393,393,393,時期,season
394,394,394,394,センター,Center
395,395,395,395,製作,Production
396,396,396,396,藩,Clan
397,397,397,397,強い,strong
398,398,398,398,企業,Company
399,399,399,399,受賞,Awarded
400,400,400,400,付く,Be attached
401,401,401,401,院,Hospital
402,402,402,402,店,shop
403,403,403,403,戦闘,fight
404,404,404,404,結ぶ,tie
405,405,405,405,目的,the purpose
406,406,406,406,通常,generally
407,407,407,407,対応,correspondence
408,408,408,408,残る,Remain
409,409,409,409,勝利,victory
410,410,410,410,ホーム,home
411,411,411,411,管理,management
412,412,412,412,至る,Get
413,413,413,413,団,Group
414,414,414,414,木,wood
415,415,415,415,最終,Final
416,416,416,416,基本,Basics
417,417,417,417,教授,Professor
418,418,418,418,ドラマ,Drama
419,419,419,419,挙げる,Give up
420,420,420,420,構造,structure
421,421,421,421,作曲,Composition
422,422,422,422,アニメ,animation
423,423,423,423,設計,design
424,424,424,424,実施,implementation
425,425,425,425,現,Present
426,426,426,426,長い,long
427,427,427,427,メンバー,member
428,428,428,428,領,Territory
429,429,429,429,交通,traffic
430,430,430,430,室,Room
431,431,431,431,協会,Association
432,432,432,432,女子,Girl
433,433,433,433,者,person
434,434,434,434,設定,setting
435,435,435,435,発見,discover
436,436,436,436,契約,contract
437,437,437,437,信,Religion
438,438,438,438,英語,English
439,439,439,439,生活,life
440,440,440,440,連合,Coalition
441,441,441,441,自動車,car
442,442,442,442,指揮,Command
443,443,443,443,色,colour
444,444,444,444,自分,myself
445,445,445,445,及ぶ,Be
446,446,446,446,ラジオ,radio
447,447,447,447,歌,song
448,448,448,448,重,Heavy
449,449,449,449,規模,scale
450,450,450,450,移籍,Transfer
451,451,451,451,思う,think
452,452,452,452,廃止,abolition
453,453,453,453,名前,name
454,454,454,454,重要,important
455,455,455,455,成功,success
456,456,456,456,原,original
457,457,457,457,予定,schedule
458,458,458,458,特別,special
459,459,459,459,認める,admit
460,460,460,460,キャラクター,character
461,462,462,462,最高,Best
462,463,463,463,加える,Add
463,464,464,464,ここ,here
464,465,465,465,バンド,band
465,466,466,466,再び,again
466,467,467,467,武,Madness
467,468,468,468,実際,actual
468,469,469,469,そこ,There
469,470,470,470,似る,Resemble
470,471,471,471,組,set
471,472,472,472,運転,drive
472,473,473,473,専門,Specialty
473,474,474,474,出版,Publication
474,475,475,475,内容,Content
475,476,476,476,煎る,roast
476,477,477,477,個,Individual
477,478,478,478,小学校,primary school
478,479,479,479,義,Righteousness
479,480,480,480,数,number
480,481,481,481,終わる,End
481,482,482,482,例,example
482,483,483,483,リリース,release
483,484,484,484,合わせる,match
484,485,485,485,大戦,War
485,486,486,486,科学,Science
486,487,487,487,運行,Operation
487,488,488,488,対,versus
488,489,489,489,北海道,Hokkaido
489,490,490,490,士,Man
490,491,491,491,ヨーロッパ,Europe
491,492,492,492,群,group
492,493,493,493,少ない,few
493,494,494,494,指定,specify
494,495,495,495,江戸,Edo
495,496,496,496,ところ,Part
496,497,497,497,陸軍,Army
497,498,498,498,残す,leave
498,499,499,499,教会,Church
499,500,500,500,期間,period
500,501,501,501,共和,Republic
501,502,502,502,前,Before
502,503,503,503,国家,Nation
503,504,504,504,連続,continue
504,505,505,505,門,gate
505,506,506,506,導入,introduction
506,507,507,507,記念,anniversary
507,508,508,508,団体,Group
508,509,509,509,結成,Formation
509,510,510,510,特徴,feature
510,511,511,511,または,or
511,512,512,512,表記,labels
512,513,513,513,平,flat
513,514,514,514,校,school
514,515,515,515,宇宙,universe
515,516,516,516,総合,Comprehensive
516,517,517,517,死去,Death
517,518,518,518,小説,novel
518,519,519,519,大統領,president
519,520,520,520,公園,park
520,521,521,521,タイトル,title
521,522,522,522,カード,card
522,523,523,523,警察,police
523,524,524,524,形式,format
524,525,525,525,競技,Competition
525,526,526,526,結婚,marriage
526,527,527,527,参照,reference
527,528,528,528,係わる,Be involved
528,529,529,529,夏,summer
529,530,530,530,ローマ,Rome
530,531,531,531,国民,Citizen
531,532,532,532,中学校,junior high school
532,533,533,533,評価,evaluation
533,534,534,534,オリンピック,Olympic
534,535,535,535,新た,new
535,536,536,536,運営,operation
536,537,537,537,選ぶ,select
537,538,538,538,完全,Perfect
538,539,539,539,連邦,Federation
539,540,540,540,経営,management
540,541,541,541,条,Articles
541,542,542,542,指導,Guidance
542,543,543,543,会議,meeting
543,544,544,544,谷,valley
544,545,545,545,決勝,final
545,546,546,546,英,British
546,548,548,548,展開,Development
547,549,549,549,完成,Complete
548,550,550,550,品,Item
549,551,551,551,多数,Majority
550,552,552,552,別,another
551,553,553,553,周辺,neighborhood
552,554,554,554,子供,child
553,555,555,555,対象,subject
554,556,556,556,事務,Administrative office
555,557,557,557,概要,overview
556,558,558,558,提供,Providing
557,559,559,559,飛行,Flight
558,560,560,560,進む,move on
559,561,561,561,天皇,Emperor
560,562,562,562,田,Rice field
561,564,564,564,マン,man
562,565,565,565,市立,Municipal
563,566,566,566,サービス,service
564,567,567,567,ほぼ,Almost
565,568,568,568,向かう,Head to
566,569,569,569,扱う,deal
567,570,570,570,引退,Retirement
568,571,571,571,あるいは,or
569,572,572,572,求める,demand
570,573,573,573,同時に,at the same time
571,574,574,574,男,Man
572,575,575,575,理由,reason
573,576,576,576,人気,popular
574,577,577,577,族,Tribe
575,578,578,578,作戦,Strategy
576,579,579,579,円,circle
577,580,580,580,勝つ,win
578,581,581,581,非常,Informal
579,582,582,582,頭,Head
580,583,583,583,音,sound
581,584,584,584,除く,except
582,585,585,585,デザイン,design
583,586,586,586,議会,Parliament
584,587,587,587,政,Government
585,588,588,588,人間,human
586,589,589,589,公式,official
587,590,590,590,しか,deer
588,591,591,591,編,Edition
589,592,592,592,初期,initial
590,593,593,593,環境,environment
591,594,594,594,星,Star
592,595,595,595,流れる,Fling
593,596,596,596,彼女,she
594,597,597,597,誌,magazine
595,598,598,598,時点,Point
596,599,599,599,レース,race
597,600,600,600,通り,street
598,601,601,601,打,Hitting
599,602,602,602,全体,whole
600,603,603,603,自由,freedom
601,604,604,604,座,seat
602,605,605,605,労働,Labor
603,606,606,606,表示,display
604,607,607,607,例えば,for example
605,608,608,608,和,sum
606,609,609,609,発行,issue
607,610,610,610,自治,Self -government
608,611,611,611,裁判,trial
609,612,612,612,方法,Method
610,613,613,613,支援,support
611,614,614,614,共同,Joint
612,615,615,615,文字,letter
613,616,616,616,その他,others
614,617,617,617,関連,connection
615,618,618,618,新しい,new
616,619,619,619,国道,National road
617,620,620,620,左,left
618,621,621,621,スポーツ,Sports
619,622,622,622,値,value
620,623,623,623,広島,Hiroshima
621,624,624,624,スペイン,Spain
622,625,625,625,営業,sales
623,626,626,626,花,flower
624,627,627,627,行,line
625,628,628,628,母,mother
626,629,629,629,様,looks
627,630,630,630,輸送,shipping
628,631,631,631,野,field
629,632,632,632,屋,Shop
630,633,633,633,説,Theory
631,634,634,634,舞台,stage
632,635,635,635,以前,Before
633,636,636,636,方面,Direction
634,637,637,637,合併,merger
635,638,638,638,アジア,Asia
636,639,639,639,演奏,Performance
637,640,640,640,工業,Industrial industry
638,641,641,641,建築,Architecture
639,642,642,642,春,spring
640,643,643,643,法人,Corporation
641,644,644,644,圏,Sphere
642,645,645,645,街,Town
643,646,646,646,いずれ,Either
644,647,647,647,データ,data
645,648,648,648,送る,send
646,649,649,649,運用,Operation
647,650,650,650,高速,high speed
648,651,651,651,一覧,List
649,652,652,652,大正,Taisho
650,653,653,653,区間,section
651,654,654,654,能力,ability
652,655,655,655,支配,Rule
653,656,656,656,有名,famous
654,657,657,657,銀行,Bank
655,658,658,658,新聞,newspaper
656,659,659,659,翌年,following year
657,660,660,660,空港,airport
658,661,661,661,由来,Origin
659,662,662,662,競馬,Horse racing
660,663,663,663,学者,Scholar
661,664,664,664,韓国,Korea
662,665,665,665,自ずから,naturally
663,666,666,666,産業,industry
664,667,667,667,整備,Maintenance
665,668,668,668,口,mouth
666,669,669,669,史,History
667,670,670,670,行政,Government
668,671,671,671,試験,test
669,672,672,672,明,Clearing
670,673,673,673,妻,wife
671,674,674,674,ニューヨーク,new york
672,675,675,675,方式,method
673,676,676,676,発展,development
674,677,677,677,枠,frame
675,678,678,678,丸,Circle
676,679,679,679,ジョン,John
677,680,680,680,状況,situation
678,681,681,681,基づく,Be based
679,682,682,682,主要,Main
680,683,683,683,既に,already
681,684,684,684,変化,change
682,685,685,685,神社,shrine
683,686,686,686,違う,different
684,687,687,687,当,This
685,688,688,688,右,right
686,689,689,689,両,Both
687,690,690,690,対戦,match
688,691,691,691,制度,system
689,692,692,692,広い,wide
690,693,693,693,番号,number
691,694,694,694,戻る,return
692,695,695,695,成立,Establishment
693,696,696,696,港,Port
694,697,697,697,新,new
695,698,698,698,通信,communication
696,699,699,699,内,Inside
697,700,700,700,連載,Serialization
698,701,701,701,装置,Device
699,702,702,702,後半,Latter half
700,703,703,703,頃,Time
701,704,704,704,移動,Migration
702,705,705,705,企画,plan
703,706,706,706,電気,electricity
704,707,707,707,平均,average
705,708,708,708,庁,Government office
706,709,709,709,プレー,play
707,710,710,710,掲載,publish
708,711,711,711,清,Clearing
709,712,712,712,祭,Festival
710,713,713,713,民,people
711,714,714,714,南部,Southern part
712,715,715,715,サイト,site
713,716,716,716,距離,distance
714,717,717,717,分類,Classification
715,718,718,718,種類,kinds
716,719,719,719,スーパー,Supermarket
717,720,720,720,男性,male
718,721,721,721,風,Wind
719,722,722,722,福岡,Fukuoka
720,723,723,723,状,Shape
721,724,724,724,形成,Formation
722,725,725,725,階,Floors
723,726,726,726,差,difference
724,727,727,727,付近,near
725,728,728,728,師,Teacher
726,729,729,729,言語,language
727,730,730,730,元年,First year
728,731,731,731,登録,register
729,732,732,732,物語,story
730,733,733,733,まま,Be
731,734,734,734,工場,plant
732,735,735,735,主張,Claim
733,736,736,736,大臣,Minister
734,737,737,737,含める,include
735,738,738,738,自然,Nature
736,739,739,739,装備,Equipment
737,740,740,740,丘,hill
738,741,741,741,迎える,Welcome
739,742,742,742,属,Genus
740,743,743,743,開く,open
741,744,744,744,撮影,photograph
742,745,745,745,系列,series
743,746,746,746,近い,close
744,747,747,747,以後,Later
745,748,748,748,事故,accident
746,749,749,749,正式,Official
747,750,750,750,成績,Result
748,751,751,751,旧,Old
749,752,752,752,路,Road
750,753,753,753,複数,multiple
751,754,754,754,美術,art
752,755,755,755,雑誌,magazine
753,756,756,756,論,Argument
754,757,757,757,電車,train
755,758,758,758,初代,First generation
756,759,759,759,設ける,prepare
757,760,760,760,帯,band
758,761,761,761,家,House
759,762,762,762,述べる,Describe
760,763,763,763,写真,photograph
761,764,764,764,地球,Earth
762,765,765,765,政権,administration
763,766,766,766,蔵,Warehouse
764,767,767,767,競走,race
765,768,768,768,起こる,break out
766,769,769,769,惑星,planet
767,770,770,770,学ぶ,learn
768,771,771,771,県立,Prefectural
769,772,772,772,部門,Department
770,773,773,773,中継,relay
771,774,774,774,王国,Kingdom
772,775,775,775,末,End
773,776,776,776,千葉,Center
774,777,777,777,類,Kind
775,778,778,778,表現,Expression
776,779,779,779,動物,animal
777,780,780,780,司令,command
778,781,781,781,忠,Loyalty
779,782,782,782,鉄,iron
780,783,783,783,製品,product
781,784,784,784,支持,support
782,785,785,785,入れる,put in
783,786,786,786,ビル,building
784,787,787,787,組む,Assemble
785,788,788,788,病院,hospital
786,789,789,789,方,direction
787,790,790,790,乗る,get on
788,791,791,791,艦隊,fleet
789,792,792,792,経験,experience
790,793,793,793,秋,autumn
791,794,794,794,地上,Ground
792,795,795,795,メートル,Meter
793,796,796,796,竜,dragon
794,797,797,797,指す,Point to
795,798,798,798,横浜,Yokohama
796,799,799,799,復帰,return
797,800,800,800,語る,talk
798,801,801,801,条件,conditions
799,802,802,802,将軍,General
800,803,803,803,ファン,fan
801,804,804,804,敗れる,Lose
802,805,805,805,名古屋,Nagoya
803,806,806,806,称する,Call
804,807,807,807,学生,student
805,808,808,808,劇場,theater
806,809,809,809,選出,Selection
807,810,810,810,行動,Behavior
808,811,811,811,心,heart
809,812,812,812,言葉,words
810,813,813,813,クラス,class
811,814,814,814,弾,Bullet
812,815,815,815,久,For a long time
813,816,816,816,森,wood
814,817,817,817,紹介,introduction
815,818,818,818,客,Customer
816,819,819,819,率いる,Led by
817,820,820,820,着る,wearll
818,821,821,821,少年,boy
819,822,822,822,失う,lose
820,823,823,823,拡大,expansion
821,824,824,824,姿,figure
822,825,825,825,尾,tail
823,826,826,826,政策,policy
824,827,827,827,敵,enemy
825,828,828,828,専用,exclusive
826,829,829,829,年頃,Around the time
827,830,830,830,軍事,Military affairs
828,831,831,831,宮,Palace
829,832,832,832,このよう,like this
830,833,833,833,編集,edit
831,834,834,834,相手,partner
832,835,835,835,大形,Large size
833,836,836,836,進出,Advance
834,837,837,837,保,Maintaining
835,838,838,838,イベント,event
836,839,839,839,文学,literature
837,840,840,840,着,Wearing
838,841,841,841,ダム,dam
839,842,842,842,反対,oppose
840,843,843,843,保護,protection
841,844,844,844,進める,Proceed
842,845,845,845,程,Moderate
843,846,846,846,女,woman
844,847,847,847,追加,addition
845,848,848,848,湖,lake
846,849,849,849,俳優,actor
847,850,850,850,メーカー,Maker
848,851,851,851,人々,people
849,852,852,852,界,World
850,853,853,853,開業,Opening a business
851,854,854,854,林,Forest
852,855,855,855,工事,construction
853,857,857,857,現代,present day
854,858,858,858,表す,show
855,859,859,859,方向,direction
856,860,860,860,学部,Faculty
857,861,861,861,確認,confirmation
858,862,862,862,立つ,stand
859,863,863,863,記述,Description
860,864,864,864,直接,Direct
861,865,865,865,又は,Or
862,866,866,866,個人,Individual
863,867,867,867,事実,fact
864,868,868,868,統合,Integration
865,869,869,869,見せる,show
866,870,870,870,オリジナル,original
867,871,871,871,配置,Arrangement
868,872,872,872,従来,Conventional
869,873,873,873,批判,Criticism
870,874,874,874,国立,National national
871,875,875,875,会長,chairman
872,876,876,876,住む,live
873,877,877,877,定める,stipulate
874,878,878,878,条約,Treaty
875,879,879,879,増加,gain
876,880,880,880,北部,Northern part
877,881,881,881,近年,recent years
878,882,882,882,夫,husband
879,883,883,883,唯一,Only
880,884,884,884,業,Business
881,885,885,885,息子,son
882,886,886,886,決める,decide
883,887,887,887,候補,candidate
884,888,888,888,過去,past
885,889,889,889,映像,picture
886,890,890,890,普通,usually
887,891,891,891,堂,Temple
888,892,892,892,白,White
889,893,893,893,芸術,art
890,894,894,894,作家,Writer
891,895,895,895,パリ,Paris
892,896,896,896,途中,in the middle
893,897,897,897,相,phase
894,898,898,898,取得,Acquisition
895,899,899,899,字,Character
896,900,900,900,戦後,After the war
897,901,901,901,効果,effect
898,902,902,902,地元,local
899,903,903,903,得点,score
900,904,904,904,トップ,Top
901,905,905,905,ライブ,live
902,906,906,906,僅か,subtle
903,907,907,907,章,chapter
904,908,908,908,報告,report
905,909,909,909,女優,actress
906,910,910,910,朝鮮,Korea
907,911,911,911,標準,standard
908,912,912,912,集,collection
909,913,913,913,吉,Goodbye
910,914,914,914,赤,red
911,915,915,915,項,Section
912,916,916,916,ロンドン,London
913,917,917,917,観光,sightseeing
914,918,918,918,目指す,aim
915,919,919,919,コンピューター,computer
916,920,920,920,ソ連,Soviet Union
917,921,921,921,器,vessel
918,922,922,923,べし,Beyond
919,923,923,924,声,voice
920,924,924,925,防衛,defense
921,925,925,926,起こす,Wake up
922,926,926,927,住民,residents
923,927,927,928,革命,revolution
924,928,928,929,インド,India
925,929,929,930,徳,Virtue
926,930,930,931,電話,phone
927,931,931,932,直,straight
928,932,932,933,各地,Everywhere
929,933,933,934,内閣,Cabinet
930,934,934,935,王座,throne
931,935,935,936,ロック,rock
932,936,936,937,店舗,Store
933,937,937,938,新潟,Niigata
934,938,938,939,本線,Main line
935,939,939,940,黒,black
936,940,940,941,弟,younger brother
937,941,941,942,波,wave
938,942,942,943,博士,Doctor
939,943,943,944,湾,bay
940,944,944,945,規定,Provisions
941,945,945,946,流,Style
942,946,946,947,核,Nucleus
943,947,947,948,外国,foreign country
944,948,948,949,ニュース,news
945,949,949,950,法律,law
946,950,950,951,紀元,A.D.
947,951,951,952,太,Slim
948,952,952,953,変わる,change
949,953,953,954,協力,cooperation
950,954,954,955,読む,read
951,955,955,956,社長,president
952,956,956,957,業務,business
953,957,957,958,集める,collect
954,958,958,959,電子,Electron
955,959,959,960,低い,low
956,960,960,961,市民,Citizen
957,961,961,962,不明,not clear
958,962,962,963,創設,Establishment
959,963,963,964,楽曲,Music
960,964,964,965,台湾,Taiwan
961,965,965,966,本名,Real name
962,966,966,967,比べる,compare
963,967,967,968,欧州,Europe
964,968,968,969,家族,family
965,969,969,970,系統,system
966,970,970,971,自動,Automatic
967,971,971,972,止まる,Stop
968,972,972,973,速度,speed
969,973,973,974,民族,People
970,974,974,975,そのまま,As it is
971,975,975,976,知,Knowledge
972,976,976,977,夜,night
973,977,977,978,余り,remainder
974,978,978,979,オープン,open
975,979,979,980,現れる,appear
976,980,980,981,分野,Field
977,981,981,982,勢力,power
978,982,982,983,伝える,inform
979,983,983,984,ソフト,soft
980,984,984,985,統一,Unification
981,985,985,986,生物,Creature
982,986,986,987,大,Big
983,987,987,988,太平洋,pacific ocean
984,988,988,989,ヒット,hit
985,989,989,990,超える,Exceed
986,990,990,991,土地,land
987,991,992,993,動く,Move
988,992,993,994,太郎,Taro
989,993,994,995,九州,Kyushu
990,994,995,996,職,Job
991,995,996,997,歌手,singer
992,996,997,998,元々,originally
993,997,998,999,段,Steps
994,998,999,1000,治,Cure
995,999,1000,1001,市場,market
996,1000,1001,1002,層,layer
997,1001,1002,1003,反応,reaction
998,1002,1003,1004,表,table
999,1003,1004,1005,独自,Unique
1000,1004,1005,1006,親,parent
1001,1005,1006,1007,記す,Write down
1002,1006,1007,1008,美,Beauty
1003,1007,1008,1009,発電,Power generation
1004,1008,1009,1010,改正,Revision
1005,1009,1010,1011,テーマ,theme
1006,1010,1011,1012,空,Sky
1007,1011,1012,1013,組合,Union
1008,1012,1013,1014,参戦,Participation in the war
1009,1013,1014,1015,域,Area
1010,1014,1015,1016,処理,process
1011,1015,1016,1017,細胞,cell
1012,1016,1017,1018,分ける,Divide
1013,1017,1018,1019,商品,merchandise
1014,1018,1019,1020,性能,Performance
1015,1019,1020,1021,ポーランド,Poland
1016,1020,1021,1022,原因,Cause
1017,1021,1022,1023,原作,original
1018,1022,1023,1024,ライン,line
1019,1023,1024,1025,安全,safety
1020,1024,1025,1026,改造,Remodeling
1021,1025,1026,1027,カナダ,Canada
1022,1026,1027,1028,帝,Emperor
1023,1027,1028,1029,つつ,Wicking
1024,1028,1029,1030,図る,Plan
1025,1029,1030,1031,愛,Love
1026,1030,1031,1032,明らか,clear
1027,1031,1032,1033,秒,Second
1028,1032,1033,1034,仕事,work
1029,1033,1034,1035,派遣,Dispatch
1030,1034,1035,1036,特定,identification
1031,1035,1036,1037,死,death
1032,1036,1037,1038,定義,Definition
1033,1037,1038,1039,レコード,record
1034,1038,1039,1040,本部,Headquarters
1035,1039,1040,1041,実験,experiment
1036,1040,1041,1042,毎年,Every year
1037,1041,1042,1043,タイプ,type
1038,1042,1043,1044,所在,Being located
1039,1043,1044,1045,関東,Kanto
1040,1044,1045,1046,理論,theory
1041,1045,1046,1047,管,tube
1042,1046,1047,1048,接続,connection
1043,1047,1048,1049,神戸,Kobe
1044,1048,1049,1050,通称,Common name
1045,1049,1050,1051,破壊,destruction
1046,1050,1051,1052,実現,realization
1047,1051,1052,1053,化学,Chemistry
1048,1052,1053,1054,所有,Ownership
1049,1053,1054,1055,ベース,base
1050,1054,1055,1056,反,Anti
1051,1055,1056,1057,兄,older brother
1052,1056,1057,1058,連盟,Federation
1053,1057,1058,1059,米国,usa
1054,1058,1059,1060,拠点,Base
1055,1059,1060,1061,師団,Division
1056,1060,1061,1062,主人公,main character
1057,1061,1062,1063,全く,not at all
1058,1062,1063,1064,私,I
1059,1063,1064,1065,トン,Ton
1060,1064,1065,1066,基地,base
1061,1065,1066,1067,質,quality
1062,1066,1067,1068,建てる,build
1063,1067,1068,1069,成長,growth
1064,1068,1069,1070,面積,area
1065,1069,1070,1071,神奈川,Kanagawa
1066,1070,1071,1072,今,now
1067,1071,1072,1073,同盟,alliance
1068,1072,1073,1074,発,Departure
1069,1073,1074,1075,記,Record
1070,1074,1075,1076,軌道,Track
1071,1075,1076,1077,逆,reverse
1072,1076,1077,1078,通ずる,Go through
1073,1077,1078,1079,オランダ,Netherlands
1074,1078,1079,1080,貢献,contribution
1075,1079,1080,1081,備える,Provide
1076,1080,1081,1082,障害,hindrance
1077,1081,1082,1083,商業,Commerce
1078,1082,1083,1084,計,Meter
1079,1083,1084,1085,雄,Male
1080,1084,1085,1086,愛知,Aichi
1081,1085,1086,1087,源,source
1082,1086,1087,1088,ブランド,brand
1083,1087,1088,1089,購入,purchase
1084,1088,1089,1090,直後,Immediately after
1085,1089,1090,1091,行為,action
1086,1090,1091,1092,利,Interest
1087,1091,1092,1093,松,Pine
1088,1092,1093,1094,山口,Yamaguchi
1089,1093,1094,1095,教,Teaching
1090,1094,1095,1096,東北,Tohoku
1091,1095,1096,1097,朝日,Morning sun
1092,1096,1097,1098,走る,Run
1093,1097,1098,1099,ステージ,stage
1094,1098,1099,1100,作成,create
1095,1099,1100,1101,被害,damage
1096,1100,1101,1102,機構,mechanism
1097,1101,1102,1103,本社,main office
1098,1102,1103,1104,海外,abroad
1099,1103,1104,1105,原子,atom
1100,1104,1105,1106,住宅,Residence
1101,1105,1106,1107,代わる,replace
1102,1106,1107,1108,達成,Achievement
1103,1107,1108,1109,沖縄,Okinawa
1104,1108,1109,1110,働く,work
1105,1109,1110,1111,ベスト,Vest
1106,1110,1111,1112,歌う,sing
1107,1111,1112,1113,改革,reform
1108,1112,1113,1114,首都,capital
1109,1113,1114,1115,守,Guarding
1110,1114,1115,1116,高,High
1111,1115,1116,1117,仕様,specification
1112,1116,1117,1118,聖,Sacred
1113,1117,1118,1119,誕生,birth
1114,1118,1119,1120,古,Old
1115,1119,1120,1121,スタジオ,studio
1116,1120,1121,1122,入学,admission
1117,1121,1122,1123,ビデオ,video
1118,1122,1123,1124,ツアー,Tours
1119,1123,1124,1125,移る,Transfer
1120,1124,1125,1126,従う,follow
1121,1125,1126,1127,刊行,Publication
1122,1126,1127,1128,男子,Male
1123,1127,1128,1129,学園,Academy
1124,1128,1129,1130,ポイント,point
1125,1129,1130,1131,節,section
1126,1130,1131,1132,盤,Board
1127,1131,1132,1133,建物,building
1128,1132,1133,1134,コーナー,corner
1129,1133,1134,1135,皇帝,Emperor
1130,1134,1135,1136,作業,work
1131,1135,1136,1137,上がる,Go up
1132,1136,1137,1138,兄弟,Brother
1133,1137,1138,1139,相当,Equivalent
1134,1138,1139,1140,オーストラリア,Australia
1135,1139,1140,1141,植物,plant
1136,1140,1141,1142,紙,paper
1137,1141,1142,1143,集団,Group
1138,1142,1143,1144,慶,Mercy
1139,1143,1144,1145,通,Passage
1140,1144,1145,1146,投票,vote
1141,1145,1146,1147,敗,Defeat
1142,1146,1147,1148,ネット,Net
1143,1147,1148,1149,単位,unit
1144,1148,1149,1150,並ぶ,line up
1145,1149,1150,1151,維持,Maintaining
1146,1150,1151,1152,解散,dissolution
1147,1151,1152,1153,切る,Cut off
1148,1152,1153,1154,形態,form
1149,1153,1154,1155,郵便,Post
1150,1154,1155,1156,関西,Kansai
1151,1155,1156,1157,説明,explanation
1152,1156,1157,1158,康,Kidnapy
1153,1157,1158,1159,仙台,Sendai
1154,1158,1159,1160,藩主,Feudal lord
1155,1159,1160,1161,減少,Decline
1156,1160,1161,1162,静岡,Shizuoka
1157,1161,1162,1163,孫,Grandchild
1158,1162,1163,1164,移転,transfer
1159,1163,1164,1165,交換,exchange
1160,1164,1165,1166,目,eye
1161,1165,1166,1167,経由,via
1162,1166,1167,1168,復活,revival
1163,1167,1168,1169,貨物,cargo
1164,1168,1169,1170,現役,Active duty
1165,1169,1170,1171,主演,starring
1166,1170,1171,1172,死亡,death
1167,1171,1172,1173,伝統,tradition
1168,1172,1173,1174,酸,acid
1169,1173,1174,1175,ポジション,position
1170,1174,1175,1176,跡,Trace
1171,1175,1176,1177,銀,Silver
1172,1176,1177,1178,メダル,Medal
1173,1177,1178,1179,見える,appear
1174,1178,1179,1180,要求,request
1175,1179,1180,1181,制限,limit
1176,1180,1181,1182,図,figure
1177,1181,1182,1183,機体,Aircraft
1178,1182,1183,1184,共通,common
1179,1183,1184,1185,農業,Agriculture
1180,1184,1185,1186,公演,Performance
1181,1185,1186,1187,プレーヤー,player
1182,1186,1187,1188,記事,article
1183,1187,1188,1189,選択,Selection
1184,1188,1189,1190,予選,Qualifying
1185,1189,1190,1191,レベル,level
1186,1190,1191,1192,福島,Fukushima
1187,1191,1192,1193,向上,Improvement
1188,1192,1193,1194,イングランド,England
1189,1193,1194,1195,府,Prefecture
1190,1194,1195,1196,憲法,Constitution
1191,1195,1196,1197,要素,element
1192,1196,1197,1198,売る,sell
1193,1197,1198,1199,幕府,Shogunate
1194,1198,1199,1200,任務,mission
1195,1199,1200,1201,収める,Put in
1196,1200,1201,1202,仁,Award
1197,1201,1202,1203,車体,Car body
1198,1202,1203,1204,デジタル,Digital
1199,1203,1204,1205,園,Garden
1200,1204,1205,1206,プロジェクト,project
1201,1205,1206,1207,報道,Report
1202,1206,1207,1208,史上,History
1203,1207,1208,1209,追う,Chase
1204,1208,1209,1210,大陸,Continent
1205,1209,1210,1211,沢,Swamp
1206,1210,1211,1212,広,Widespread
1207,1211,1212,1213,観測,observation
1208,1212,1213,1214,西部,Western part
1209,1213,1214,1215,役割,role
1210,1214,1215,1216,定,Establishment
1211,1215,1216,1217,古い,old
1212,1216,1217,1218,順,order
1213,1217,1218,1219,津,Tap
1214,1218,1219,1220,すぐ,soon
1215,1219,1220,1221,都,Capital
1216,1220,1221,1222,入団,Joining the group
1217,1221,1222,1223,兼,and
1218,1222,1223,1224,葉,leaf
1219,1223,1224,1225,体制,System
1220,1224,1225,1226,秀,Excellent
1221,1225,1226,1227,有する,Have
1222,1226,1227,1228,基準,standard
1223,1227,1228,1229,井,well
1224,1228,1229,1230,長野,Nagano
1225,1229,1230,1231,占める,Occupy
1226,1230,1231,1232,命令,order
1227,1231,1232,1233,便,Stool
1228,1232,1233,1234,刃,blade
1229,1233,1234,1235,メーン,Main
1230,1234,1235,1236,首相,prime minister
1231,1235,1236,1237,足,legs
1232,1236,1237,1238,一重,Single
1233,1237,1238,1239,限る,Limit
1234,1238,1239,1240,プログラム,program
1235,1239,1240,1241,引く,Pull
1236,1240,1241,1242,宣言,declaration
1237,1241,1242,1243,よ,world
1238,1242,1243,1244,里,Village
1239,1243,1244,1245,亡くなる,Die
1240,1244,1245,1246,気,air
1241,1245,1246,1247,訓練,Training
1242,1246,1247,1248,江,Bay
1243,1247,1248,1249,レギュラー,regular
1244,1249,1250,1251,古代,Ancient times
1245,1250,1251,1252,宗教,religion
1246,1251,1252,1253,失敗,Failure
1247,1252,1253,1254,手掛ける,Work on
1248,1253,1254,1255,深い,deep
1249,1254,1255,1256,多,Many
1250,1255,1256,1257,やる,do
1251,1256,1257,1258,地下,underground
1252,1257,1258,1259,係る,Be involved
1253,1258,1259,1260,衆議院,House of Representatives
1254,1259,1260,1261,コース,course
1255,1260,1261,1262,天文,Astronomy
1256,1261,1262,1263,属す,Belong to
1257,1262,1263,1264,記載,description
1258,1263,1264,1265,身,Body
1259,1264,1265,1266,岡山,Okayama
1260,1265,1266,1267,もう,already
1261,1266,1267,1268,スタート,start
1262,1267,1268,1269,内部,internal
1263,1268,1269,1270,繋がる,Be connected
1264,1269,1270,1271,投手,pitcher
1265,1270,1271,1272,旅客,passenger
1266,1271,1272,1273,温泉,hot spring
1267,1272,1273,1274,戸,door
1268,1273,1274,1275,半島,Peninsula
1269,1274,1275,1276,因む,Conceive
1270,1275,1276,1277,少女,Girl
1271,1276,1277,1278,争う,Compete
1272,1277,1278,1279,板,Board
1273,1278,1279,1280,達する,Accomplish
1274,1279,1280,1281,段階,step
1275,1280,1281,1282,衛,Guard
1276,1281,1282,1283,禁止,Ban
1277,1282,1283,1284,詳細,detail
1278,1283,1284,1285,向ける,Turn
1279,1284,1285,1286,停止,Stop
1280,1285,1286,1287,埼玉,Saitama
1281,1286,1287,1288,対立,Conflict
1282,1287,1288,1289,アフリカ,Africa
1283,1288,1289,1290,知事,Governor
1284,1289,1290,1291,ワールド,world
1285,1290,1291,1292,太陽,Sun
1286,1291,1292,1293,国鉄,JNR
1287,1292,1293,1294,兵庫,Hyogo
1288,1293,1294,1295,訪れる,visit
1289,1294,1295,1296,長崎,Nagasaki
1290,1295,1296,1297,注目,attention
1291,1296,1297,1298,連,Communicating
1292,1297,1298,1299,来る,come
1293,1298,1299,1300,陸上,land
1294,1299,1300,1301,帰国,Returning home
1295,1300,1301,1302,名誉,honor
1296,1301,1302,1303,連隊,regiment
1297,1302,1303,1304,博物,Reality
1298,1303,1304,1305,いわゆる,So-called
1299,1304,1305,1306,指名,name
1300,1305,1306,1307,エネルギー,energy
1301,1306,1307,1308,為される,Be done
1302,1307,1308,1309,器機,Device
1303,1308,1309,1310,稲妻,lightning
1304,1309,1310,1311,地震,earthquake
1305,1310,1311,1312,土,soil
1306,1311,1312,1313,青,Blue
1307,1312,1313,1314,空間,space
1308,1313,1314,1315,特殊,Special
1309,1314,1315,1316,属する,Belong to
1310,1315,1316,1317,ホテル,Hotel
1311,1316,1317,1318,夢,dreams
1312,1317,1318,1319,安定,Stability
1313,1318,1319,1320,任命,Appointment
1314,1319,1320,1321,死ぬ,die
1315,1320,1321,1322,陸,land
1316,1321,1322,1323,杯,Cup
1317,1322,1323,1324,発足,Launch
1318,1323,1324,1325,後継,successor
1319,1324,1325,1326,精神,spirit
1320,1325,1326,1327,改称,Renamed name
1321,1326,1327,1328,画,Painting
1322,1327,1328,1329,今日,today
1323,1328,1329,1330,近代,Modern times
1324,1329,1330,1331,潜水,diving
1325,1330,1331,1332,破る,Break
1326,1331,1332,1333,幅,width
1327,1332,1333,1334,一種,One species
1328,1333,1334,1335,藤,Wisteria
1329,1334,1335,1336,比較的,Relatively
1330,1335,1336,1337,メジャー,major
1331,1336,1337,1338,居る,Be
1332,1337,1338,1339,改良,Improvement
1333,1338,1339,1340,席,seat
1334,1339,1340,1341,継承,Inheritance
1335,1340,1341,1342,南北,South -south
1336,1341,1342,1343,医療,medical care
1337,1342,1343,1344,起きる,get up
1338,1343,1344,1345,操作,operation
1339,1344,1345,1346,理事,director
1340,1345,1346,1347,マーク,mark
1341,1346,1347,1348,機械,machine
1342,1347,1348,1349,延長,Extension
1343,1348,1349,1350,強化,Enhancement
1344,1349,1350,1351,主催,Sponsoring
1345,1350,1351,1352,昇格,Promotion
1346,1351,1352,1353,優秀,excellence
1347,1352,1353,1354,仏,Buddha
1348,1353,1354,1355,カー,car
1349,1354,1355,1356,打つ,strike
1350,1355,1356,1357,しばしば,often
1351,1356,1357,1358,トラック,truck
1352,1357,1358,1359,日付け,Date
1353,1358,1359,1360,通算,total
1354,1359,1360,1361,小形,Small shape
1355,1360,1361,1362,占領,occupation
1356,1361,1362,1363,郷,Home
1357,1362,1363,1364,到着,arrival
1358,1363,1364,1365,紀,Culmination
1359,1364,1365,1366,著作,Writing
1360,1365,1366,1367,生徒,student
1361,1366,1367,1368,付属,Attached
1362,1367,1368,1369,まだ,not yet
1363,1368,1369,1370,守る,protect
1364,1369,1370,1371,また,again
1365,1370,1371,1372,東部,Eastern part
1366,1371,1372,1373,本来,Originally
1367,1372,1373,1374,通過,Passing
1368,1373,1374,1375,継続,continuation
1369,1374,1375,1376,ドル,Dollar
1370,1375,1376,1377,当選,Election
1371,1376,1377,1378,コード,code
1372,1377,1378,1379,施行,Enforcement
1373,1378,1379,1380,カリフォルニア,California
1374,1380,1381,1382,連絡,contact
1375,1381,1382,1383,鹿児島,Kagoshima
1376,1382,1383,1384,真,true
1377,1383,1384,1385,次ぐ,Next
1378,1384,1385,1386,交差,Intersection
1379,1385,1386,1387,なる,Become
1380,1386,1387,1388,会員,Member
1381,1387,1388,1389,岩,rock
1382,1388,1389,1390,上記,the above
1383,1389,1390,1391,以来,Since
1384,1390,1391,1392,同一,Same
1385,1391,1392,1393,池,pond
1386,1392,1393,1394,良,good
1387,1393,1394,1395,半,half
1388,1394,1395,1396,傾向,tendency
1389,1395,1396,1397,責任,responsibility
1390,1396,1397,1398,倍,Doubling
1391,1397,1398,1399,配信,delivery
1392,1398,1399,1400,図書,Book
1393,1399,1400,1401,分離,Separation
1394,1400,1401,1402,ユダヤ,Jewish
1395,1401,1402,1403,大学院,grad student
1396,1402,1403,1404,本人,Person
1397,1403,1404,1405,計算,Calculation
1398,1404,1405,1406,豊,Abundance
1399,1405,1406,1407,フリー,free
1400,1406,1407,1408,諸島,island
1401,1407,1408,1409,バージョン,version
1402,1408,1409,1410,スター,Star
1403,1409,1410,1411,合う,Fit
1404,1410,1411,1412,命,life
1405,1411,1412,1413,小さい,small
1406,1412,1413,1414,冬,winter
1407,1413,1414,1415,河,river
1408,1414,1415,1416,技,Technique
1409,1415,1416,1417,スタイル,style
1410,1416,1417,1418,ガス,gas
1411,1417,1418,1419,立てる,Set up
1412,1418,1419,1420,地位,Status
1413,1419,1420,1421,略称,Abbreviation
1414,1420,1421,1422,加入,Joining
1415,1421,1422,1423,挑戦,challenge
1416,1422,1423,1424,アナウンサー,announcer
1417,1423,1424,1425,ホール,hole
1418,1424,1425,1426,経,Sutra
1419,1425,1426,1427,対策,measures
1420,1426,1427,1428,資料,Document
1421,1427,1428,1429,加盟,Joining
1422,1428,1429,1430,岸,shore
1423,1429,1430,1431,通う,go
1424,1430,1431,1432,視聴,watch
1425,1431,1432,1433,変える,change
1426,1432,1433,1434,オーストリア,Austria
1427,1433,1434,1435,イン,in
1428,1434,1435,1436,比,ratio
1429,1435,1436,1437,一般に→一般,Generally → General
1430,1436,1437,1438,確保,Securing
1431,1437,1438,1439,困難,Difficulty
1432,1438,1439,1440,回る,spin
1433,1439,1440,1441,冠,crown
1434,1440,1441,1442,絵,picture
1435,1441,1442,1443,聞く,listen
1436,1442,1443,1444,産,Birth
1437,1443,1444,1445,増える,increase
1438,1444,1445,1446,価格,price
1439,1445,1446,1447,判定,judgement
1440,1446,1447,1448,推進,Promoting
1441,1447,1448,1449,イメージ,image
1442,1448,1449,1450,料理,cooking
1443,1449,1450,1451,小,small
1444,1450,1451,1452,普及,Spread
1445,1451,1452,1453,東海,Tokai
1446,1452,1453,1454,ユニット,unit
1447,1453,1454,1455,熊本,Kumamoto
1448,1454,1455,1456,分かる,Understand
1449,1455,1456,1457,札幌,Sapporo
1450,1456,1457,1458,出力,output
1451,1457,1458,1459,陣,Team
1452,1458,1459,1460,待つ,wait
1453,1459,1460,1461,羽根,Feathers
1454,1460,1461,1462,巡る,Go around
1455,1461,1462,1463,ソフトウエア,Software
1456,1462,1463,1464,インターネット,the internet
1457,1463,1464,1465,端,end
1458,1464,1465,1466,アンド,and
1459,1465,1466,1467,加わる,Join
1460,1466,1467,1468,瀬,On
1461,1467,1468,1469,比較,Comparison
1462,1468,1469,1470,コーチ,coach
1463,1469,1470,1471,民主党,Democratic Party
1464,1470,1471,1472,小さな,small
1465,1471,1472,1473,きっかけ,chance
1466,1472,1473,1474,ストーリー,story
1467,1473,1474,1475,判断,Judgment
1468,1474,1475,1476,長男,Eldest son
1469,1475,1476,1477,領域,region
1470,1476,1477,1478,戦車,tank
1471,1477,1478,1479,週,week
1472,1478,1479,1480,広がる,spread
1473,1479,1480,1481,声優,voice actor
1474,1480,1481,1482,メディア,media
1475,1481,1482,1483,分割,Split
1476,1482,1483,1484,改める,change
1477,1483,1484,1485,激しい,intense
1478,1484,1485,1486,モード,mode
1479,1485,1486,1487,極,very
1480,1486,1487,1488,逮捕,Arrest
1481,1487,1488,1489,実行,execution
1482,1488,1489,1490,像,image
1483,1489,1490,1491,移行,transfer
1484,1490,1491,1492,横,beside
1485,1491,1492,1493,宝,Treasure
1486,1492,1493,1494,シティ,City
1487,1493,1494,1495,マイル,Mile
1488,1494,1495,1496,対抗,Competition
1489,1495,1496,1497,更新,update
1490,1496,1497,1498,後期,Latter period
1491,1497,1498,1499,リング,ring
1492,1498,1499,1500,学科,Department
1493,1499,1500,1501,タイ,sea ​​bream
1494,1500,1501,1502,頁,page
1495,1501,1502,1503,民主,Democracy
1496,1502,1503,1504,件,subject
1497,1503,1504,1505,ピアノ,piano
1498,1504,1505,1506,本格,Full -fledged
1499,1505,1506,1507,植民,Colonial
1500,1506,1507,1508,交流,Alternating current
1501,1507,1508,1509,どう,copper
1502,1508,1509,1510,かなり,rather
1503,1509,1510,1511,信号,signal
1504,1510,1511,1512,身長,height
1505,1511,1512,1513,範囲,range
1506,1512,1513,1514,若い,young
1507,1513,1514,1515,保存,keep
1508,1514,1515,1516,徳川,Tokugawa
1509,1515,1516,1517,京,Kyoto
1510,1516,1517,1518,軸,shaft
1511,1517,1518,1519,解説,Explanation
1512,1518,1519,1520,ミサイル,missile
1513,1519,1520,1521,市街,city
1514,1520,1521,1522,発射,firing
1515,1521,1522,1523,制定,Establishment
1516,1522,1523,1524,空軍,Air Force
1517,1523,1524,1525,在籍,Enrollment
1518,1524,1525,1526,提案,suggestion
1519,1525,1526,1527,奈良,Nara
1520,1526,1527,1528,駒,Piece
1521,1527,1528,1529,脚本,Script
1522,1528,1529,1530,供給,supply
1523,1529,1530,1531,結局,in the end
1524,1530,1531,1532,唯,Only
1525,1531,1532,1533,学院,School
1526,1532,1533,1534,家庭,home
1527,1533,1534,1535,案,Proposal
1528,1534,1535,1536,父親,father
1529,1535,1536,1537,衛星,satellite
1530,1536,1537,1538,志,Aspirations
1531,1537,1538,1539,ゴール,goal
1532,1538,1539,1540,開設,Opening
1533,1539,1540,1541,前半,first half
1534,1540,1541,1542,展示,Exhibition
1535,1541,1542,1543,ライト,Light
1536,1542,1543,1544,長官,Secretary
1537,1543,1544,1545,隆,Prosperity
1538,1544,1545,1546,回転,rotate
1539,1545,1546,1547,期待,Expectation
1540,1546,1547,1548,有,Existence
1541,1547,1548,1549,スウェーデン,Sweden
1542,1548,1549,1550,秋田,Akita
1543,1549,1550,1551,繰り返す,repeat
1544,1550,1551,1552,シーン,scene
1545,1551,1552,1553,券,ticket
1546,1552,1553,1554,応じる,Respond to
1547,1553,1554,1555,関数,function
1548,1554,1555,1556,周年,Anniversary
1549,1555,1556,1557,特急,Limited express
1550,1556,1557,1558,岐阜,Gifu
1551,1557,1558,1559,取締,control
1552,1558,1559,1560,乗車,Boarding
1553,1559,1560,1561,命名,naming
1554,1560,1561,1562,換える,exchange
1555,1561,1562,1563,大量,Mass
1556,1562,1563,1564,奥,Deep
1557,1563,1564,1565,作用,Action
1558,1564,1565,1566,撤退,Withdrawal
1559,1565,1566,1567,ブラジル,Brazil
1560,1566,1567,1568,名乗る,Claim
1561,1567,1568,1569,ゲスト,The guests
1562,1568,1569,1570,阪神,Hanshin
1563,1569,1570,1571,止める,stop
1564,1570,1571,1572,首,neck
1565,1571,1572,1573,通す,Pass through
1566,1572,1573,1574,ジョージ,George
1567,1573,1574,1575,問う,Ask
1568,1574,1575,1576,伝説,Legend
1569,1575,1576,1577,目標,the goal
1570,1576,1577,1578,分かれる,Be separated
1571,1577,1578,1579,だが,But
1572,1578,1579,1580,物理,Physics
1573,1579,1580,1581,名付ける,Name
1574,1580,1581,1582,中止,cancel
1575,1581,1582,1583,周,Circumference
1576,1582,1583,1584,詩,Poetry
1577,1583,1584,1585,取り引き,transaction
1578,1584,1585,1586,昼,noon
1579,1585,1586,1587,短い,short
1580,1586,1587,1588,伊,Idle
1581,1587,1588,1589,設備,Facility
1582,1588,1589,1590,概念,concept
1583,1589,1590,1591,通る,Pass
1584,1590,1591,1592,サイズ,size
1585,1591,1592,1593,キリスト教,Christianity
1586,1592,1593,1594,すなわち,"That is,"
1587,1593,1594,1595,携帯,cell phone
1588,1594,1595,1596,資金,Funds
1589,1595,1596,1597,エリア,area
1590,1596,1597,1598,選,Election
1591,1597,1598,1599,常,Always
1592,1598,1599,1600,アップ,up
1593,1599,1600,1601,勤務,Work
1594,1600,1601,1602,回避,Avoidance
1595,1601,1602,1603,引き継ぐ,take over
1596,1602,1603,1604,坂,Slope
1597,1603,1604,1605,大幅,Large width
1598,1604,1605,1606,司,Superior
1599,1605,1606,1607,装甲,Armor
1600,1606,1607,1608,極める,Exquisite
1601,1607,1608,1609,意見,opinion
1602,1608,1609,1610,液,liquid
1603,1609,1610,1611,ネットワーク,network
1604,1610,1611,1612,軽,Light
1605,1611,1612,1613,陽,Positive
1606,1612,1613,1614,銃,gun
1607,1613,1614,1615,分布,distribution
1608,1614,1615,1616,トンネル,tunnel
1609,1615,1616,1617,階級,class
1610,1616,1617,1618,執筆,writing
1611,1617,1618,1619,本塁,home plate
1612,1618,1619,1620,部屋,room
1613,1619,1620,1621,統治,Rule
1614,1620,1621,1622,管轄,jurisdiction
1615,1621,1622,1623,兵器,weapons
1616,1622,1623,1624,石川,Ishikawa
1617,1623,1624,1625,成す,Make
1618,1624,1625,1626,拡張,Expansion
1619,1625,1626,1627,歩兵,infantry
1620,1626,1627,1628,世代,generation
1621,1627,1628,1629,プロレス,wrestling
1622,1628,1629,1630,病,disease
1623,1629,1630,1631,浜,beach
1624,1630,1631,1632,進学,Proceeding to school
1625,1631,1632,1633,泉,Fountain
1626,1632,1633,1634,地名,Place name
1627,1633,1634,1635,感,Feeling
1628,1634,1635,1636,こうした,These
1629,1635,1636,1637,だろう,right
1630,1636,1637,1638,作詞,Lyrics
1631,1637,1638,1639,規格,standard
1632,1638,1639,1640,一定,Constant
1633,1639,1640,1641,急行,Express
1634,1640,1641,1642,呼称,Name
1635,1641,1642,1643,学会,Society
1636,1642,1643,1644,列,Row
1637,1643,1644,1645,窓,window
1638,1644,1645,1646,生息,Life
1639,1645,1646,1647,隣接,adjacent
1640,1646,1647,1648,ラテン,Latin
1641,1647,1648,1649,交渉,negotiation
1642,1648,1649,1650,綱,Rope
1643,1649,1650,1651,燃料,fuel
1644,1650,1651,1652,ユーザー,user
1645,1651,1652,1653,基礎,Foundation
1646,1652,1653,1654,再開,Restart
1647,1653,1654,1655,フジテレビ company,Fuji TV Company
1648,1654,1655,1656,演出,Directing
1649,1655,1656,1657,平和,peace
1650,1656,1657,1658,さ,difference
1651,1657,1658,1659,哲学,philosophy
1652,1658,1659,1660,部長,Director
1653,1659,1660,1661,見做す,Regard
1654,1660,1661,1662,負ける,lose
1655,1661,1662,1663,民間,private
1656,1662,1663,1664,裏,back
1657,1663,1664,1665,崩壊,Collapse
1658,1664,1665,1666,執行,Execution
1659,1665,1666,1667,後述,Described later
1660,1666,1667,1668,停車,Stopping
1661,1667,1668,1669,立場,position
1662,1668,1669,1670,過ぎる,Pass
1663,1669,1670,1671,前年,Previous year
1664,1670,1671,1672,固定,Fixation
1665,1671,1672,1673,前作,Previous work
1666,1672,1673,1674,装,Dressing
1667,1673,1674,1675,駆逐,Destroying
1668,1674,1675,1676,起用,Appointment
1669,1675,1676,1677,奪う,Take away
1670,1676,1677,1678,本拠,Headquarters
1671,1677,1678,1679,前述,Above -mentioned
1672,1678,1679,1680,自己,self
1673,1679,1680,1681,発言,comment
1674,1680,1681,1682,連れる,Be taken to
1675,1681,1682,1683,旅行,trip
1676,1682,1683,1684,認定,Certification
1677,1683,1684,1685,資格,Qualification
1678,1684,1685,1686,物質,material
1679,1685,1686,1687,区別,Distinction
1680,1686,1687,1688,思想,Philosophy
1681,1687,1688,1689,保険,insurance
1682,1688,1689,1690,愛称,Nickname
1683,1689,1690,1691,プロデューサー,producer
1684,1690,1691,1692,権利,right
1685,1691,1692,1693,侵攻,invasion
1686,1692,1693,1694,収容,Accommodation
1687,1693,1694,1695,周囲,Surroundings
1688,1694,1695,1696,酸化,Oxidation
1689,1695,1696,1697,開通,Opening
1690,1696,1697,1698,同時,simultaneous
1691,1697,1698,1699,毛,hair
1692,1698,1699,1700,上位,Top position
1693,1699,1700,1701,消費,consumption
1694,1700,1701,1702,方針,policy
1695,1701,1702,1703,防御,defense
1696,1702,1703,1704,バック,back
1697,1703,1704,1705,関,Relation
1698,1704,1705,1706,背景,background
1699,1705,1706,1707,沖,Offshore
1700,1706,1707,1708,纏める,Put together
1701,1707,1708,1709,塩,salt
1702,1708,1709,1710,入社,Joining a company
1703,1709,1710,1711,電力,Electricity
1704,1710,1711,1712,令,Order
1705,1711,1712,1713,諸国,Various countries
1706,1712,1713,1714,形状,shape
1707,1713,1714,1715,カップ,cup
1708,1714,1715,1716,金属,metal
1709,1715,1716,1717,主題,subject
1710,1716,1717,1718,ベルリン,Berlin
1711,1717,1718,1719,合計,total
1712,1718,1719,1720,劇,Play
1713,1719,1720,1721,ファイル,File
1714,1720,1721,1722,共産党,Communist Party
1715,1721,1722,1723,武器,weapon
1716,1722,1723,1724,不足,Shortage
1717,1723,1724,1725,適用,Application
1718,1724,1725,1726,定期,Regular period
1719,1725,1726,1727,演ずる,play
1720,1726,1727,1728,玉,ball
1721,1727,1728,1729,危険,dangerous
1722,1728,1729,1730,前身,Predecessor
1723,1729,1730,1731,殺す,kill
1724,1730,1731,1732,編入,Transferring
1725,1731,1732,1733,文書,documents
1726,1732,1733,1734,課程,Course
1727,1733,1734,1735,機会,chance
1728,1734,1735,1736,大半,Mostly
1729,1735,1736,1737,スタッフ,staff
1730,1736,1737,1738,ショー,show
1731,1737,1738,1739,鈴木,Suzuki
1732,1738,1739,1740,視,Vision
1733,1739,1740,1741,スペシャル,Special
1734,1740,1741,1742,症,Illness
1735,1741,1742,1743,直前,Right before
1736,1742,1743,1744,チャート,chart
1737,1743,1744,1745,地点,point
1738,1744,1745,1746,満,Full
1739,1745,1746,1747,経歴,Career
1740,1746,1747,1748,球団,Baseball team
1741,1747,1748,1749,張,Tension
1742,1748,1749,1750,治療,Treatment
1743,1749,1750,1751,進行,Progress
1744,1750,1751,1752,移す,Move
1745,1751,1752,1753,ソビエト,Soviet
1746,1752,1753,1754,側,~ side
1747,1753,1754,1755,田中,Tanaka
1748,1754,1755,1756,剤,Agent
1749,1755,1756,1757,積極,Aggressive
1750,1756,1757,1758,ウィリアム,William
1751,1757,1758,1759,フォン,phone
1752,1758,1759,1760,犬,dog
1753,1759,1760,1761,カール,curl
1754,1760,1761,1762,ワシントン,Washington
1755,1761,1762,1763,代,Substitute
1756,1762,1763,1764,金融,Finance
1757,1763,1764,1765,検討,examination
1758,1764,1765,1766,交響,Symphony
1759,1765,1766,1767,政党,Political party
1760,1766,1767,1768,解放,release
1761,1767,1768,1769,ケース,Case
1762,1768,1769,1770,ワールドカップ,World Cup
1763,1769,1770,1771,築く,build
1764,1770,1771,1772,児童,Child
1765,1771,1772,1773,芸能,Entertainment
1766,1772,1773,1774,公共,public
1767,1773,1774,1775,開幕,Opening
1768,1774,1775,1776,鳥,bird
1769,1775,1776,1777,準備,Preparation
1770,1776,1777,1778,機動,Maneuver
1771,1777,1778,1779,沿い,Along
1772,1778,1779,1780,ランキング,Ranking
1773,1779,1780,1781,なら,Oral
1774,1780,1781,1782,初め,beginning
1775,1781,1782,1783,録音,recording
1776,1782,1783,1784,弘,Day
1777,1783,1784,1785,アカデミー,Academy
1778,1784,1785,1786,投入,Introduction
1779,1785,1786,1787,優れる,Be excellent
1780,1786,1787,1788,新設,Newly established
1781,1787,1788,1789,組み合わせる,combine
1782,1788,1789,1790,感じる,feel
1783,1789,1790,1791,意識,Consciousness
1784,1790,1791,1792,稀,rare
1785,1791,1792,1793,結合,Combination
1786,1792,1793,1794,球,ball
1787,1793,1794,1795,先ず,First
1788,1794,1795,1796,医学,Medicine
1789,1795,1796,1797,回復,recovery
1790,1796,1797,1798,香港,Hong Kong
1791,1797,1798,1799,合流,Joining
1792,1798,1799,1800,国勢,Nationality
1793,1799,1800,1801,生む,Be born
1794,1800,1801,1802,べき,Should be
1795,1801,1802,1803,合成,Synthesis
1796,1802,1803,1804,浦,Clay
1797,1803,1804,1805,壁,wall
1798,1804,1805,1806,自衛,Self-defense
1799,1805,1806,1807,言える,Can
1800,1806,1807,1808,統計,statistics
1801,1807,1808,1809,友,friend
1802,1808,1809,1810,飾る,decorate
1803,1809,1810,1811,徳島,Tokushima
1804,1810,1811,1812,単独,Independence
1805,1811,1812,1813,上る,climb
1806,1812,1813,1814,殺害,Murder
1807,1813,1814,1815,中村,Nakamura
1808,1814,1815,1816,決まる,Be determined
1809,1815,1816,1817,終える,End
1810,1816,1817,1818,処分,disposal
1811,1817,1818,1819,ルール,rule
1812,1818,1819,1820,ミュージック,Music
1813,1819,1820,1821,程度,degree
1814,1820,1821,1822,平方,square
1815,1821,1822,1823,海岸,Coast
1816,1822,1823,1824,改善,Improvement
1817,1823,1824,1825,集合,set
1818,1824,1825,1826,カトリック,Catholic
1819,1825,1826,1827,カメラ,camera
1820,1826,1827,1828,週間,week
1821,1827,1828,1829,中間,Middle
1822,1828,1829,1830,料,Fee
1823,1829,1830,1831,許す,forgive
1824,1830,1831,1832,暦,calendar
1825,1831,1832,1833,新人,Newcomer
1826,1832,1833,1834,藤原,Wisteria
1827,1833,1834,1835,チャンネル,Channel
1828,1834,1835,1836,テスト,test
1829,1835,1836,1837,練習,training
1830,1836,1837,1838,建,Construction
1831,1837,1838,1839,旗,flag
1832,1838,1839,1840,去る,leave
1833,1839,1840,1841,毎週,Weekly
1834,1840,1841,1842,鏡,mirror
1835,1841,1842,1843,鎌倉,Kamakura
1836,1842,1843,1844,買う,buy
1837,1843,1844,1845,三郎,Saburo
1838,1844,1845,1846,宮城,Miyagi
1839,1845,1846,1847,高度,Advanced
1840,1846,1847,1848,次郎,Jiro
1841,1847,1848,1849,巨大,Huge
1842,1848,1849,1850,わけ,reason
1843,1849,1850,1851,タレント,talent
1844,1850,1851,1852,メキシコ,Mexico
1845,1851,1852,1853,地下鉄,subway
1846,1852,1853,1854,ギリシャ,Greece
1847,1853,1854,1855,出会う,meet
1848,1854,1855,1856,コンサート,concert
1849,1855,1856,1857,ソング,song
1850,1856,1857,1858,東西,East and west
1851,1857,1858,1859,ルート,root
1852,1858,1859,1860,画面,screen
1853,1859,1860,1861,佐藤,Sato
1854,1860,1861,1862,医師,Doctor
1855,1861,1862,1863,放映,Broadcasting
1856,1862,1863,1864,市長,Mayor
1857,1863,1864,1865,かつ,and
1858,1864,1865,1866,顔,face
1859,1865,1866,1867,薬,medicine
1860,1866,1867,1868,欧,Europe
1861,1867,1868,1869,北京,Beijing
1862,1868,1869,1870,地帯,Zone
1863,1869,1870,1871,英国,British
1864,1870,1871,1872,人民,People
1865,1871,1872,1873,相互,Mutual
1866,1872,1873,1874,タイム,time
1867,1873,1874,1875,接する,Be in contact with
1868,1874,1875,1876,全員,All
1869,1875,1876,1877,翼,Wing
1870,1876,1877,1878,姓,Surname
1871,1877,1878,1879,セット,set
1872,1878,1879,1880,楽,easy
1873,1879,1880,1881,フル,full
1874,1880,1881,1882,癒える,Heal
1875,1881,1882,1883,消滅,Annihilation
1876,1882,1883,1884,富士,Fuji
1877,1883,1884,1885,試みる,Attempt
1878,1884,1885,1886,会場,venue
1879,1885,1886,1887,移住,Immigration
1880,1886,1887,1888,規制,Regulation
1881,1887,1888,1889,貴族,Aristocrat
1882,1888,1889,1890,付,Attached
1883,1889,1890,1891,旅,Journey
1884,1890,1891,1892,祭り,festival
1885,1891,1892,1893,買収,Acquisition
1886,1892,1893,1894,外交,Diplomacy
1887,1893,1894,1895,戦略,strategy
1888,1894,1895,1896,話す,talk
1889,1895,1896,1897,各国,Various countries
1890,1896,1897,1898,性,sex
1891,1897,1898,1899,乱,Turbulence
1892,1898,1899,1900,早い,quick
1893,1899,1900,1901,北西,Northwest
1894,1900,1901,1902,現象,phenomenon
1895,1901,1902,1903,ポール,Pole
1896,1902,1903,1904,網,network
1897,1903,1904,1905,確立,Establishment
1898,1904,1905,1906,在,Existence
1899,1905,1906,1907,年齢,age
1900,1906,1907,1908,根,root
1901,1907,1908,1909,吉田,Yoshida
1902,1908,1909,1910,青森,Aomori
1903,1909,1910,1911,出走,Start
1904,1910,1911,1912,雪,snow
1905,1911,1912,1913,軍団,Corps
1906,1912,1913,1914,歴任,Successor
1907,1913,1914,1915,招く,Be invited
1908,1914,1915,1916,生ずる,Occur
1909,1915,1916,1917,漢,Han
1910,1916,1917,1918,抵抗,resistance
1911,1917,1918,1919,大分,Oita
1912,1918,1919,1920,ハンガリー,Hungary
1913,1919,1920,1921,駅舎,Station building
1914,1920,1921,1922,反乱,Rebellion
1915,1921,1922,1923,丁目,Chin -chin
1916,1922,1923,1924,南西,Southwest
1917,1923,1924,1925,手法,Method
1918,1924,1925,1926,軍人,Soldier
1919,1925,1926,1927,カラー,Color
1920,1926,1927,1928,火,fire
1921,1927,1928,1929,表明,Express
1922,1928,1929,1930,戦艦,Battleship
1923,1929,1930,1931,動作,motion
1924,1930,1931,1932,翻訳,translation
1925,1931,1932,1933,アイルランド,Ireland
1926,1932,1933,1934,ソロ,solo
1927,1933,1934,1935,ジュニア,Junior
1928,1934,1935,1936,署,Station
1929,1935,1936,1937,有,Existence
1930,1936,1937,1938,落ちる,drop down
1931,1937,1938,1939,集まる,get together
1932,1938,1939,1940,輸入,Import
1933,1939,1940,1941,スタジアム,Stadium
1934,1940,1941,1942,有効,valid
1935,1941,1942,1943,財,Goods
1936,1942,1943,1944,検査,test
1937,1943,1944,1945,アーティスト,Artist
1938,1944,1945,1946,広告,advertisement
1939,1945,1946,1947,ブロック,block
1940,1946,1947,1948,体育,physical education
1941,1947,1948,1949,捕らえる,capture
1942,1948,1949,1950,昇進,promotion
1943,1949,1950,1951,生涯,Life
1944,1950,1951,1952,自転車,bicycle
1945,1951,1952,1953,許可,permission
1946,1952,1953,1954,やや,kind of
1947,1953,1954,1955,提出,Submission
1948,1954,1955,1956,名義,Name
1949,1955,1956,1957,用意,preparation
1950,1956,1957,1958,話題,topic
1951,1957,1958,1959,どちら,Which
1952,1958,1959,1960,国王,King
1953,1959,1960,1961,罪,sin
1954,1960,1961,1962,推定,Estimation
1955,1961,1962,1963,区域,Area
1956,1962,1963,1964,ギター,guitar
1957,1963,1964,1965,キー,Key
1958,1964,1965,1966,死後,After death
1959,1965,1966,1967,塔,Tower
1960,1966,1967,1968,尚,still
1961,1967,1968,1969,富山,Toyama
1962,1968,1969,1970,国会,Parliament
1963,1969,1970,1971,草,grass
1964,1970,1971,1972,生成,generation
1965,1971,1972,1973,予備,spare
1966,1972,1973,1974,判決,Judgment
1967,1973,1974,1975,隣り,Next
1968,1974,1975,1976,健康,health
1969,1975,1976,1977,危機,crisis
1970,1976,1977,1978,額,amount
1971,1977,1978,1979,緑,green
1972,1978,1979,1980,低下,Decline
1973,1979,1980,1981,何,what
1974,1980,1981,1982,越える,Cross over
1975,1981,1982,1983,認識,recognition
1976,1982,1983,1984,桜,cherry blossoms
1977,1983,1984,1985,悪い,bad
1978,1984,1985,1986,末期,End of the year
1979,1985,1986,1987,寛,Relaxation
1980,1986,1987,1988,サウンド,sound
1981,1987,1988,1989,審査,examination
1982,1988,1989,1990,峠,Pass
1983,1989,1990,1991,貿易,Trade
1984,1990,1991,1992,武装,Armament
1985,1991,1992,1993,戦線,Front line
1986,1992,1993,1994,サポート,support
1987,1993,1994,1995,保有,Holding
1988,1994,1995,1996,凡そ,about
1989,1995,1996,1997,血液型,blood type
1990,1996,1997,1998,ポルトガル,Portugal
